id,lat,lon,user,uid,version,changeset,timestamp
302863,37.3769826,-122.0677726,KindredCoda,14293,4,6776161,2010-12-27T10:41:10Z
302864,37.3740667,-122.0679336,KindredCoda,14293,5,6776161,2010-12-27T10:39:22Z
302865,37.3733004,-122.0677211,KindredCoda,14293,4,6774664,2010-12-27T07:44:11Z
302866,37.372597,-122.0673831,KindredCoda,14293,4,6774664,2010-12-27T07:43:52Z
302867,37.3695957,-122.0655646,KindredCoda,14293,4,6774664,2010-12-27T07:43:25Z
302868,37.3681888,-122.0647116,KindredCoda,14293,4,6774664,2010-12-27T07:43:04Z
302869,37.3662788,-122.0635744,KindredCoda,14293,4,6774664,2010-12-27T07:42:41Z
302870,37.3647993,-122.0630647,KindredCoda,14293,4,6774664,2010-12-27T07:42:18Z
302871,37.363047,-122.0629789,KindredCoda,14293,5,6774664,2010-12-27T07:38:27Z
302872,37.3592778,-122.0630487,KindredCoda,14293,5,6774664,2010-12-27T07:38:14Z
302873,37.3581308,-122.062936,KindredCoda,14293,9,6774664,2010-12-27T07:37:52Z
302874,37.3554444,-122.0622172,KindredCoda,14293,6,6774664,2010-12-27T07:39:34Z
302875,37.3531375,-122.0611121,KindredCoda,14293,5,6774664,2010-12-27T07:21:04Z
302876,37.352468,-122.0608063,KindredCoda,14293,7,6774664,2010-12-27T07:20:30Z
302877,37.350774,-122.060269,KindredCoda,14293,5,6774623,2010-12-27T07:07:03Z
302878,37.348484,-122.059974,KindredCoda,14293,8,6774623,2010-12-27T07:07:04Z
302880,37.3453169,-122.0599688,KindredCoda,14293,6,4508152,2010-04-23T22:22:54Z
302882,37.3384415,-122.0598944,NE2,207745,9,13422450,2012-10-09T06:59:56Z
302883,37.3376866,-122.0597495,NE2,207745,7,13422450,2012-10-09T06:59:56Z
302884,37.3362322,-122.0591916,KindredCoda,14293,6,6774664,2010-12-27T07:47:05Z
302885,37.3344664,-122.0579525,KindredCoda,14293,5,6774664,2010-12-27T07:47:05Z
302886,37.3315194,-122.0549622,oldtopos,169004,5,11851253,2012-06-10T07:14:27Z
302887,37.3286913,-122.0522279,KindredCoda,14293,33,6777154,2010-12-27T12:34:28Z
302888,37.3277785,-122.0516164,KindredCoda,14293,31,6777154,2010-12-27T12:34:28Z
302889,37.3259797,-122.0508396,KindredCoda,14293,31,6777154,2010-12-27T12:40:43Z
302890,37.3230149,-122.0501261,KindredCoda,14293,32,6777154,2010-12-27T12:37:03Z
302891,37.321974,-122.0498525,KindredCoda,14293,31,6777154,2010-12-27T12:42:05Z
302892,37.3205535,-122.0493161,KindredCoda,14293,30,6777154,2010-12-27T12:36:20Z
26027650,37.4090903,-122.1076456,KindredCoda,14293,5,16795110,2013-07-02T17:40:16Z
26027651,37.4181312,-122.1026721,mk408,201724,5,7063871,2011-01-23T16:57:12Z
26027653,37.407877,-122.1087882,KindredCoda,14293,7,16795110,2013-07-02T17:40:17Z
26027655,37.4072486,-122.1097316,gaku,19532,8,442619,2009-02-15T02:00:12Z
26027656,37.401376,-122.1136055,AM909,82317,13,3022229,2009-11-03T05:32:37Z
26027657,37.419142,-122.102265,mk408,201724,4,7063871,2011-01-23T16:56:47Z
26027658,37.4068985,-122.1102034,KindredCoda,14293,7,16795110,2013-07-02T17:40:17Z
26027659,37.4162847,-122.1034649,Luis36995,1829683,16,39229272,2016-05-10T22:03:40Z
26027661,37.4107208,-122.1069973,adbrown,54598,3,793775,2008-11-25T07:29:35Z
26027664,37.4112778,-122.1066855,KindredCoda,14293,4,16795110,2013-07-02T17:40:17Z
26027667,37.4140055,-122.1044502,Telecas,202256,5,12791843,2012-08-20T06:40:37Z
26027668,37.4087025,-122.1079246,KindredCoda,14293,7,16795110,2013-07-02T17:40:17Z
26027669,37.4238046,-122.1014619,juergenb22,1660455,8,23030627,2014-06-19T18:47:59Z
26027671,37.4218629,-122.1015999,andrewpmk,1679,10,4474220,2010-04-20T04:23:01Z
26027672,37.4119275,-122.1061195,KindredCoda,14293,4,16795110,2013-07-02T17:40:17Z
26027673,37.4199734,-122.1020432,mk408,201724,4,7063871,2011-01-23T16:57:06Z
26027687,37.3705008,-122.0421872,David Speakman,90510,17,295455,2009-02-09T01:37:39Z
26027688,37.3559053,-122.0177816,steverumizen,2655992,22,34538047,2015-10-09T20:05:00Z
26027690,37.3531613,-122.0140663,n76,318696,21,16866449,2013-07-07T21:29:38Z
26027691,37.3779523,-122.0672587,KindredCoda,14293,27,6776373,2010-12-27T11:15:45Z
26027694,37.3527232,-122.0129194,ChrisZontine,1376118,20,18300806,2013-10-11T16:32:56Z
26027695,37.3522694,-122.0103794,KindredCoda,14293,19,9044962,2011-08-17T08:21:29Z
26027696,37.3684053,-122.0334706,n76,318696,20,17877038,2013-09-16T21:54:48Z
26027697,37.3525316,-122.0122684,KindredCoda,14293,19,9044962,2011-08-17T08:21:29Z
26027698,37.3752635,-122.0596322,David Speakman,90510,18,295455,2009-02-09T01:37:39Z
26027700,37.3735079,-122.0547802,David Speakman,90510,18,295455,2009-02-09T01:37:39Z
26027702,37.3673202,-122.0315503,KindredCoda,14293,18,6777070,2010-12-27T12:28:53Z
26027703,37.3724811,-122.0510396,David Speakman,90510,18,295455,2009-02-09T01:37:39Z
26027704,37.3523199,-122.0110571,KindredCoda,14293,19,9044962,2011-08-17T08:21:29Z
26027705,37.3680376,-122.03268,David Speakman,90510,18,295455,2009-02-09T01:37:39Z
26027706,37.3768823,-122.0639059,KindredCoda,14293,19,6776373,2010-12-27T11:17:35Z
26027965,37.3666158,-122.013768,n76,318696,8,20818043,2014-02-27T22:01:31Z
26027968,37.3729016,-122.013795,bmhr,296587,6,4949992,2010-06-09T22:21:00Z
26027969,37.3745913,-122.0137249,mk408,201724,12,7124511,2011-01-29T17:07:13Z
26027971,37.3758901,-122.0136194,Alan Vogt,93800,6,363058,2009-02-11T08:10:12Z
26027973,37.3796307,-122.0123887,mk408,201724,7,7124511,2011-01-29T17:08:28Z
26027974,37.3800797,-122.0121596,mk408,201724,8,7124511,2011-01-29T17:08:30Z
26027975,37.3804127,-122.0119681,mk408,201724,8,7124511,2011-01-29T17:08:34Z
26027976,37.381184,-122.011833,Alan Vogt,93800,6,363058,2009-02-11T08:10:13Z
26027977,37.3830944,-122.0129908,robertstack,590608,7,24359673,2014-07-25T22:53:53Z
26027978,37.3833641,-122.0133298,robertstack,590608,7,24359673,2014-07-25T22:53:53Z
26027979,37.3835778,-122.0137162,robertstack,590608,6,24359673,2014-07-25T22:53:53Z
26027980,37.3839664,-122.0148783,matthieun,595221,6,17077742,2013-07-24T16:39:49Z
26027981,37.3841903,-122.015229,Alan Vogt,93800,5,363058,2009-02-11T08:10:13Z
26027983,37.3844589,-122.0155167,Alan Vogt,93800,5,363058,2009-02-11T08:10:13Z
26027984,37.3847649,-122.015684,Alan Vogt,93800,5,363058,2009-02-11T08:10:13Z
26027985,37.3849828,-122.0157469,Alan Vogt,93800,6,363058,2009-02-11T08:10:13Z
26027986,37.3852215,-122.0157726,Alan Vogt,93800,6,363058,2009-02-11T08:10:13Z
26028038,37.3878941,-122.068844,NE2,207745,6,13422450,2012-10-09T06:59:56Z
26028039,37.3887472,-122.0688509,KindredCoda,14293,2,6776161,2010-12-27T10:44:57Z
26028040,37.3908288,-122.0686769,matthieun,595221,5,24320388,2014-07-23T21:06:12Z
26028041,37.3922375,-122.068547,matthieun,595221,4,24320388,2014-07-23T21:06:12Z
26028042,37.3930596,-122.0684938,matthieun,595221,3,24320388,2014-07-23T21:06:12Z
26028043,37.3938124,-122.0684875,matthieun,595221,3,24320388,2014-07-23T21:06:12Z
26028044,37.3946365,-122.0685431,KindredCoda,14293,2,4536126,2010-04-26T20:48:23Z
26028045,37.3954356,-122.068688,oldtopos,169004,7,12095476,2012-07-03T00:28:50Z
26028046,37.3958873,-122.0688033,KindredCoda,14293,2,4536126,2010-04-26T20:49:08Z
26028047,37.3995365,-122.0697823,KindredCoda,14293,2,4536233,2010-04-26T20:59:13Z
26028048,37.3999158,-122.0698708,KindredCoda,14293,3,4536233,2010-04-26T20:59:51Z
26028049,37.4002418,-122.0699244,KindredCoda,14293,3,4536233,2010-04-26T20:59:13Z
26028050,37.4009939,-122.0699807,KindredCoda,14293,2,4536233,2010-04-26T20:58:25Z
26028051,37.4046501,-122.0699731,KindredCoda,14293,6,8637355,2011-07-05T09:55:34Z
26028101,37.3965748,-122.016518,KindredCoda,14293,24,4471964,2010-04-19T20:20:24Z
26028102,37.3990915,-122.0280362,NE2,207745,29,13538213,2012-10-17T22:33:17Z
26028106,37.4062253,-122.0594674,KindredCoda,14293,8,4367535,2010-04-08T20:18:56Z
26028109,37.4081826,-122.0681996,oldtopos,169004,15,12135372,2012-07-06T22:08:20Z
26028114,37.4211269,-122.0924674,oldtopos,169004,15,12061885,2012-06-30T00:17:56Z
26028658,37.4027222,-122.0960479,fennecfoxen,100744,7,794494,2009-03-12T01:02:38Z
26028708,37.4087796,-122.108901,n76,318696,7,18031553,2013-09-25T17:13:24Z
26028710,37.4059095,-122.104236,fennecfoxen,100744,6,794494,2009-03-12T01:02:38Z
26028711,37.3944765,-122.0751746,fennecfoxen,100744,5,794494,2009-03-12T01:02:38Z
26028712,37.3929597,-122.0714748,KindredCoda,14293,7,3990934,2010-02-27T18:06:58Z
26028714,37.3893058,-122.0624545,KindredCoda,14293,7,4536233,2010-04-26T21:06:33Z
26028716,37.3862697,-122.0532577,Jothirnadh,2015224,7,37013786,2016-02-05T07:01:30Z
26028717,37.3857838,-122.051625,user_634020,634020,7,17580973,2013-08-29T23:27:00Z
26028718,37.3856989,-122.0495953,user_634020,634020,7,17580973,2013-08-29T23:27:01Z
26028719,37.3859537,-122.0483648,user_634020,634020,6,17580973,2013-08-29T23:27:01Z
26028720,37.3867124,-122.0455555,user_634020,634020,6,17420672,2013-08-20T04:21:52Z
26028721,37.3868221,-122.044721,user_634020,634020,8,17420672,2013-08-20T04:21:52Z
26028722,37.3864179,-122.0421633,Jothirnadh,2015224,9,37014707,2016-02-05T08:28:15Z
26028723,37.3820592,-122.0221413,matthieun,595221,12,20777271,2014-02-25T19:08:35Z
26028724,37.381509,-122.0204632,fennecfoxen,100744,7,794494,2009-03-12T01:03:52Z
26028725,37.3808403,-122.0194107,fennecfoxen,100744,6,794494,2009-03-12T01:03:52Z
26028726,37.3800316,-122.0181527,fennecfoxen,100744,6,794494,2009-03-12T01:03:52Z
26028727,37.379679,-122.0174938,fennecfoxen,100744,6,794494,2009-03-12T01:03:52Z
26028728,37.3791312,-122.0159235,fennecfoxen,100744,7,794494,2009-03-12T01:03:52Z
26028729,37.378997,-122.0154986,fennecfoxen,100744,8,794494,2009-03-12T01:07:47Z
26028749,37.3867658,-122.043762,n76,318696,14,23045369,2014-06-20T14:22:16Z
26028750,37.3691443,-122.0368475,n76,318696,27,17873009,2013-09-16T18:20:12Z
26028751,37.3769802,-122.0342112,n76,318696,14,17242608,2013-08-06T15:22:30Z
26028752,37.3787084,-122.0336504,n76,318696,12,17242608,2013-08-06T15:22:30Z
26028753,37.3803557,-122.0332639,tahongawaka,162110,9,7732392,2011-04-01T06:33:15Z
26028754,37.3883321,-122.0306376,n76,318696,3,17873331,2013-09-16T18:38:44Z
26028756,37.3900939,-122.0303453,adbrown,54598,2,755914,2008-11-16T09:04:59Z
26028757,37.3992543,-122.0276196,KindredCoda,14293,8,6828109,2011-01-01T14:23:09Z
26028759,37.3907342,-122.0302048,n76,318696,3,17873331,2013-09-16T18:38:44Z
26029008,37.4194468,-122.1021537,mk408,201724,6,7063871,2011-01-23T16:57:00Z
26029012,37.4207534,-122.1020406,mk408,201724,3,7063871,2011-01-23T16:57:20Z
26029013,37.4204077,-122.101962,mk408,201724,5,7063871,2011-01-23T16:57:06Z
26029018,37.4211497,-122.1019928,mk408,201724,6,7063871,2011-01-23T16:57:03Z
26029034,37.3842395,-122.0298783,StellanL,28775,5,6579912,2010-12-07T21:21:45Z
26029035,37.384109,-122.0301553,matthieun,595221,5,25016650,2014-08-25T23:11:32Z
26029038,37.3859503,-122.0157388,n76,318696,7,20817845,2014-02-27T21:51:06Z
26029039,37.3862006,-122.0157077,n76,318696,7,20817845,2014-02-27T21:51:06Z
26029047,37.3980005,-122.0119465,karitotp,2748195,7,36943114,2016-02-01T18:48:08Z
26029084,37.386358,-122.0463011,matthieun,595221,7,25016568,2014-08-25T23:03:51Z
26029085,37.3863605,-122.0456184,user_634020,634020,6,17420672,2013-08-20T04:21:52Z
26029086,37.386551,-122.0447408,user_634020,634020,10,17420672,2013-08-20T04:21:52Z
26029087,37.3865632,-122.0445164,user_634020,634020,9,17420672,2013-08-20T04:21:52Z
26029088,37.3865154,-122.0439362,user_634020,634020,8,17420672,2013-08-20T04:21:52Z
26029090,37.3862514,-122.0467453,user_634020,634020,10,17580973,2013-08-29T23:27:00Z
26029091,37.3861503,-122.0461964,user_634020,634020,10,17580973,2013-08-29T23:27:00Z
26029092,37.3861909,-122.0457976,user_634020,634020,9,17420672,2013-08-20T04:21:52Z
26029097,37.4144948,-122.0781725,KindredCoda,14293,9,8637355,2011-07-05T09:40:01Z
26029156,37.3973899,-122.0282633,KindredCoda,14293,3,6828109,2011-01-01T14:25:58Z
26029611,37.3741405,-122.0568747,n76,318696,20,17877206,2013-09-16T22:08:43Z
26029612,37.3711703,-122.0448524,David Speakman,90510,18,295455,2009-02-09T01:37:39Z
26029613,37.377428,-122.0653972,KindredCoda,14293,20,6776373,2010-12-27T11:16:03Z
26029614,37.3767246,-122.063981,KindredCoda,14293,24,6776373,2010-12-27T11:17:28Z
26029615,37.3753095,-122.0602162,Cato_d_Ae,1679807,4,23153212,2014-06-25T15:51:22Z
26029616,37.3739923,-122.0569011,adbrown,54598,24,420851,2009-04-11T10:19:09Z
26029617,37.3733627,-122.0548329,adbrown,54598,21,420851,2009-04-11T10:19:09Z
26029618,37.3722969,-122.0510954,adbrown,54598,21,420851,2009-04-11T10:19:09Z
26029620,37.3710075,-122.0448948,adbrown,54598,21,420851,2009-04-11T10:19:09Z
26029621,37.3703601,-122.042248,n76,318696,22,26582399,2014-11-05T22:50:24Z
26029622,37.3689916,-122.036912,n76,318696,32,30559346,2015-04-27T20:33:49Z
26029623,37.3684375,-122.0340772,adbrown,54598,21,420851,2009-04-11T10:19:10Z
26029624,37.3677075,-122.0324352,n76,318696,26,17877108,2013-09-16T21:59:59Z
26029625,37.3672264,-122.0316897,KindredCoda,14293,22,6777070,2010-12-27T12:29:10Z
26029629,37.3558065,-122.0179121,steverumizen,2655992,23,34538047,2015-10-09T20:05:00Z
26029630,37.3529671,-122.0140679,n76,318696,25,16866449,2013-07-07T21:29:38Z
26029631,37.3525659,-122.0130354,KindredCoda,14293,21,9044962,2011-08-17T07:53:29Z
26029632,37.3523544,-122.0122361,Bike Mapper,74705,25,31215083,2015-05-17T00:01:56Z
26029633,37.3522134,-122.0113415,KindredCoda,14293,22,9044962,2011-08-17T08:21:29Z
26029634,37.3781143,-122.0672801,KindredCoda,14293,24,6776373,2010-12-27T11:15:36Z
26029635,37.3785107,-122.0683584,KindredCoda,14293,10,6776373,2010-12-27T11:16:35Z
26029637,37.3880269,-122.0686363,KindredCoda,14293,3,6776161,2010-12-27T10:45:05Z
26029638,37.38876,-122.0686524,KindredCoda,14293,3,6776161,2010-12-27T10:45:12Z
26029662,37.4105607,-122.073931,Minh Nguyen,33757,5,1936770,2009-07-25T18:59:23Z
26029664,37.3780824,-122.0675473,oldtopos,169004,11,12095476,2012-07-03T00:28:51Z
26029671,37.3842185,-122.0314196,matthieun,595221,12,25016650,2014-08-25T23:11:32Z
26029674,37.3870143,-122.0443537,n76,318696,13,23045369,2014-06-20T14:22:16Z
26029675,37.3869806,-122.0451271,n76,318696,15,23045369,2014-06-20T14:22:16Z
26029677,37.3860224,-122.048841,StellanL,28775,7,865564,2009-03-28T08:30:43Z
26029678,37.3858587,-122.0500083,StellanL,28775,8,865564,2009-03-28T08:30:43Z
26029679,37.3859589,-122.051459,StellanL,28775,7,865564,2009-03-28T08:30:43Z
26029680,37.3864796,-122.0532503,StellanL,28775,6,865564,2009-03-28T08:30:43Z
26029682,37.389276,-122.061918,matthieun,595221,12,21504458,2014-04-04T21:52:13Z
26029683,37.3914603,-122.0674461,KindredCoda,14293,10,4536233,2010-04-26T21:03:11Z
26029684,37.3931142,-122.0713407,KindredCoda,14293,8,3990934,2010-02-27T18:06:26Z
26029685,37.3946038,-122.0750744,KindredCoda,14293,7,3990934,2010-02-27T18:06:26Z
26029760,37.4013036,-122.1134651,AM909,82317,13,3022229,2009-11-03T05:32:37Z
26029762,37.4065073,-122.1103398,Telecas,202256,11,20857735,2014-03-02T02:47:00Z
26029763,37.4072232,-122.1095448,KindredCoda,14293,8,16795110,2013-07-02T17:40:17Z
26029765,37.4086521,-122.1078391,KindredCoda,14293,7,16795110,2013-07-02T17:40:17Z
26029766,37.4087794,-122.1077368,KindredCoda,14293,3,16795110,2013-07-02T17:40:17Z
26029767,37.4098727,-122.1071801,KindredCoda,14293,3,16795110,2013-07-02T17:40:17Z
26029768,37.4105036,-122.1069639,KindredCoda,14293,3,16795110,2013-07-02T17:40:17Z
26029769,37.4112265,-122.1065788,KindredCoda,14293,3,16795110,2013-07-02T17:40:17Z
26029770,37.411888,-122.1059949,KindredCoda,14293,3,16795110,2013-07-02T17:40:17Z
26029771,37.4139469,-122.1043432,adbrown,54598,3,793775,2008-11-25T07:29:22Z
26029772,37.4144601,-122.1040576,mk408,201724,4,7063871,2011-01-23T16:57:15Z
26029773,37.4162086,-122.1033314,Luis36995,1829683,12,39229272,2016-05-10T22:03:41Z
26029774,37.4181247,-122.1025608,adbrown,54598,4,793775,2008-11-25T07:31:03Z
26029775,37.4191169,-122.1021338,adbrown,54598,4,793775,2008-11-25T07:31:03Z
26029776,37.4194371,-122.1020237,juergenb22,1660455,8,23030627,2014-06-19T18:47:59Z
26029778,37.4204865,-122.1017999,Luis36995,1829683,6,39228108,2016-05-10T20:44:01Z
26030097,37.3691882,-122.0370464,n76,318696,26,17873009,2013-09-16T18:20:12Z
26030103,37.3907989,-122.0303746,Luis36995,1829683,4,39226615,2016-05-10T19:37:57Z
26030105,37.3787568,-122.0337809,StellanL,28775,11,3889853,2010-02-16T07:47:24Z
26030106,37.3883532,-122.0308058,adbrown,54598,2,755914,2008-11-16T09:05:07Z
26030108,37.3690361,-122.0370878,n76,318696,33,30559346,2015-04-27T20:33:49Z
26030111,37.3902341,-122.0305272,Luis36995,1829683,4,39226615,2016-05-10T19:37:57Z
26030114,37.3811271,-122.0331696,StellanL,28775,3,3889853,2010-02-16T07:47:09Z
26030116,37.3810678,-122.0330123,Luis36995,1829683,4,39222645,2016-05-10T16:43:57Z
26030124,37.3992778,-122.0277537,KindredCoda,14293,11,6828109,2011-01-01T14:25:46Z
26030127,37.3807376,-122.03328,mk408,201724,5,4157113,2010-03-17T21:27:43Z
26030128,37.388586,-122.0307561,adbrown,54598,2,755914,2008-11-16T09:05:07Z
26031411,37.4105943,-122.0781542,matthieun,595221,8,20777314,2014-02-25T19:10:59Z
26031412,37.4033012,-122.0781745,andygol,94578,7,39213245,2016-05-10T11:22:58Z
26031413,37.4029939,-122.0781993,andygol,94578,7,39213245,2016-05-10T11:22:58Z
26031414,37.4022828,-122.078424,andygol,94578,7,39213245,2016-05-10T11:22:58Z
26031415,37.4019152,-122.0786472,andygol,94578,7,39213245,2016-05-10T11:22:58Z
26031416,37.4013904,-122.0791453,KindredCoda,14293,6,4536893,2010-04-26T22:18:57Z
26031417,37.4010096,-122.0796783,KindredCoda,14293,6,4536893,2010-04-26T22:18:57Z
26031418,37.4006524,-122.0802039,KindredCoda,14293,9,4536893,2010-04-26T22:18:57Z
26031419,37.400078,-122.0807146,Luis36995,1829683,5,39227627,2016-05-10T20:24:25Z
26031420,37.3994531,-122.0810826,adbrown,54598,6,793775,2008-11-25T08:19:45Z
26031421,37.3989257,-122.0812958,Minh Nguyen,33757,7,33685793,2015-08-30T16:22:10Z
26031422,37.3982484,-122.0815003,adbrown,54598,6,793775,2008-11-25T08:19:45Z
26031429,37.3807647,-121.9599129,juergenb22,1660455,20,23082041,2014-06-22T14:37:20Z
26031430,37.3834281,-121.9683921,karitotp,2748195,26,36939372,2016-02-01T15:45:18Z
26031433,37.3901447,-121.9921189,oldtopos,169004,28,12135372,2012-07-06T22:08:20Z
26031435,37.3858841,-122.0843929,gaku,19532,14,639732,2009-02-23T03:30:04Z
26031436,37.3814051,-122.0752969,KaiRo,17047,14,11789397,2012-06-03T17:59:36Z
26031437,37.3816055,-122.0753674,CoreyFarwell,25663,6,805122,2008-11-28T18:59:59Z
26031443,37.398069,-122.0628974,AM909,82317,6,3022347,2009-11-03T06:32:32Z
26031465,37.3878428,-122.0883263,StellanL,28775,28,4644750,2010-05-09T04:42:51Z
26031466,37.3877757,-122.0881841,StellanL,28775,19,4644750,2010-05-09T04:42:50Z
26031467,37.3960595,-122.0827334,KindredCoda,14293,8,3983615,2010-02-26T21:08:51Z
26031468,37.3957944,-122.0832179,Luis36995,1829683,6,39227627,2016-05-10T20:24:25Z
26050434,37.3973587,-122.0808144,David Speakman,90510,3,288429,2009-02-08T22:47:57Z
26050435,37.3976953,-122.0806124,David Speakman,90510,2,288429,2009-02-08T22:47:57Z
26050436,37.3980627,-122.0806277,JeffM8,597941,3,22622520,2014-05-29T17:00:53Z
26050437,37.3982003,-122.0806882,David Speakman,90510,2,288429,2009-02-08T22:47:57Z
26050438,37.3986167,-122.0809697,JeffM8,597941,4,22622520,2014-05-29T17:00:53Z
26050439,37.3990824,-122.0810444,Aaron Lidman,53073,10,35264574,2015-11-12T15:52:18Z
26050441,37.4000541,-122.0805567,StellanL,28775,10,865564,2009-03-28T08:33:40Z
26050450,37.4021958,-122.115435,AM909,82317,9,3022229,2009-11-03T05:32:37Z
26050451,37.4020413,-122.1151882,saikabhi,3029661,9,39238613,2016-05-11T10:36:33Z
26050453,37.3939388,-122.097959,KindredCoda,14293,10,16794437,2013-07-02T16:35:42Z
26050454,37.3932678,-122.0968236,KindredCoda,14293,11,16794437,2013-07-02T16:35:42Z
26050455,37.3929165,-122.0963771,KindredCoda,14293,4,16794437,2013-07-02T16:35:42Z
26050456,37.3918879,-122.0953837,oldtopos,169004,16,19740975,2014-01-01T05:23:55Z
26050457,37.3912509,-122.0947558,KindredCoda,14293,14,16794437,2013-07-02T16:35:42Z
26050458,37.3905876,-122.0938046,KindredCoda,14293,15,16794437,2013-07-02T16:35:42Z
26050459,37.408663,-122.1076785,KindredCoda,14293,4,16795110,2013-07-02T17:40:18Z
26050460,37.4087759,-122.1071863,KindredCoda,14293,4,16795110,2013-07-02T17:40:18Z
26050461,37.4086331,-122.1069576,KindredCoda,14293,4,16795110,2013-07-02T17:40:18Z
26050462,37.4085651,-122.1069221,KindredCoda,14293,4,16795110,2013-07-02T17:40:18Z
26050463,37.4083742,-122.1069405,KindredCoda,14293,4,16795110,2013-07-02T17:40:18Z
26050464,37.4083092,-122.106985,KindredCoda,14293,4,16795110,2013-07-02T17:40:18Z
26050465,37.4081969,-122.1072222,KindredCoda,14293,4,16795110,2013-07-02T17:40:18Z
26050466,37.408199,-122.1074237,KindredCoda,14293,4,16795110,2013-07-02T17:40:18Z
26050467,37.4082561,-122.1076132,KindredCoda,14293,4,16795110,2013-07-02T17:40:18Z
26065098,37.3850596,-122.0348155,matthieun,595221,18,16421964,2013-06-04T16:57:06Z
26065103,37.3852716,-122.033871,matthieun,595221,13,16421964,2013-06-04T16:57:06Z
26065104,37.3851494,-122.0339644,matthieun,595221,7,16421964,2013-06-04T16:57:06Z
26065105,37.385071,-122.0340736,StellanL,28775,7,24413640,2014-07-29T01:47:03Z
26065696,37.3987703,-122.0659466,AM909,82317,5,3022347,2009-11-03T06:32:32Z
26065703,37.3987941,-122.0677453,AM909,82317,5,3022347,2009-11-03T06:32:32Z
26066105,37.3584362,-122.0197307,bmhr,296587,2,8147892,2011-05-15T06:11:02Z
26066107,37.3582966,-122.0199416,richlv,47892,3,13710340,2012-11-01T12:42:29Z
26066111,37.3583051,-122.0200103,bmhr,296587,2,8147892,2011-05-15T06:11:02Z
26066113,37.3578389,-122.0201268,KindredCoda,14293,17,9044962,2011-08-17T07:53:28Z
26066116,37.4022154,-122.115139,gaku,19532,6,442619,2009-02-15T02:09:30Z
26066117,37.4023352,-122.1153443,gaku,19532,6,442619,2009-02-15T02:09:30Z
26066125,37.4022386,-122.1131019,aarthy,2985232,8,35865432,2015-12-10T13:18:12Z
26066126,37.4023123,-122.1132863,mk408,201724,2,4082070,2010-03-09T17:50:08Z
26066127,37.40218,-122.1133751,Telecas,202256,3,33498197,2015-08-22T03:56:57Z
26066128,37.4017197,-122.114271,Telecas,202256,7,33498197,2015-08-22T03:56:58Z
26117819,37.4035236,-122.0266246,steverumizen,2655992,12,39432539,2016-05-19T19:27:20Z
26117820,37.4020849,-122.0314099,NE2,207745,8,13451361,2012-10-11T08:35:48Z
26117823,37.4015381,-122.0391316,karitotp,2748195,5,36864361,2016-01-28T20:15:48Z
26117833,37.3752444,-122.0136975,Marcus Wolschon,11776,11,13575017,2012-10-21T02:40:09Z
26117855,37.3584066,-122.016459,mk408,201724,2,3923975,2010-02-20T14:28:36Z
26118032,37.4113533,-122.0761818,KindredCoda,14293,11,8637355,2011-07-05T09:39:59Z
26149266,37.3514258,-122.0142844,n76,318696,7,28807896,2015-02-12T20:35:29Z
26149269,37.3373924,-122.0141803,adbrown,54598,4,793775,2008-11-25T08:39:05Z
26149271,37.3277617,-122.0142251,Telecas,202256,7,31334304,2015-05-21T06:17:12Z
26149272,37.3248152,-122.0172044,Telecas,202256,3,31334304,2015-05-21T06:17:11Z
26149273,37.3263509,-122.0172392,Telecas,202256,3,31334304,2015-05-21T06:17:11Z
26149274,37.3266356,-122.0162411,Telecas,202256,4,31334304,2015-05-21T06:17:11Z
26149278,37.3287162,-122.0162183,Telecas,202256,4,31334304,2015-05-21T06:17:11Z
26149279,37.3288254,-122.015899,raf,6157,2,441629,2007-11-08T19:23:05Z
26149280,37.3288036,-122.0153899,Telecas,202256,3,31334304,2015-05-21T06:17:12Z
26149281,37.3287258,-122.0152973,Telecas,202256,4,31334304,2015-05-21T06:17:11Z
26149285,37.3286255,-122.013519,Telecas,202256,4,31334304,2015-05-21T06:17:12Z
26149286,37.328641,-122.0123593,Telecas,202256,3,31334304,2015-05-21T06:17:12Z
26149287,37.3279039,-122.0134944,raf,6157,3,441629,2007-11-08T19:23:11Z
26149288,37.3276935,-122.0139891,Telecas,202256,6,31334304,2015-05-21T06:17:12Z
26149290,37.324821,-122.0163673,jeff2,456309,3,8201391,2011-05-20T19:15:29Z
26240871,37.3848221,-122.0346404,steverumizen,2655992,14,32549562,2015-07-10T17:39:34Z
26240873,37.3842464,-122.0342107,matthieun,595221,10,25016650,2014-08-25T23:11:32Z
26240879,37.3844682,-122.0342076,matthieun,595221,6,25016650,2014-08-25T23:11:32Z
26240920,37.4155602,-122.0781618,andrewpmk,1679,9,14842656,2013-01-30T01:58:28Z
26250225,37.4044901,-122.0781577,KindredCoda,14293,7,4536893,2010-04-26T22:18:56Z
26250230,37.403287,-122.0763459,Bike Mapper,74705,2,17402508,2013-08-18T20:46:24Z
26250233,37.4038565,-122.0763365,Bike Mapper,74705,2,17402508,2013-08-18T20:46:24Z
26250370,37.3688113,-122.013612,oldtopos,169004,6,20468678,2014-02-09T16:59:41Z
26270058,37.3835449,-122.0142272,wallclimber21,81024,4,2730399,2009-10-03T23:32:45Z
26270122,37.356201,-122.0174636,KindredCoda,14293,3,9044962,2011-08-17T07:53:28Z
26270133,37.3565596,-122.01745,richlv,47892,2,13710340,2012-11-01T12:42:29Z
26270142,37.3569985,-122.0179563,richlv,47892,2,13710340,2012-11-01T12:42:29Z
26374433,37.4234417,-122.1159084,raf,6157,1,235492,2007-03-13T09:30:44Z
26374541,37.3918963,-122.0690251,n76,318696,7,18031258,2013-09-25T16:56:09Z
26381623,37.419042,-122.0589728,KindredCoda,14293,2,4358632,2010-04-07T20:22:41Z
26381624,37.4190825,-122.0618642,KindredCoda,14293,2,4358632,2010-04-07T20:22:42Z
26381625,37.412011,-122.0609329,KindredCoda,14293,3,4341064,2010-04-06T08:06:17Z
26381626,37.4123242,-122.0607505,KindredCoda,14293,3,4341064,2010-04-06T08:06:16Z
26381627,37.4127716,-122.0602999,KindredCoda,14293,3,4341064,2010-04-06T08:06:16Z
26381628,37.4128909,-122.0601149,KindredCoda,14293,3,4341064,2010-04-06T08:06:16Z
26381629,37.413089,-122.0596857,KindredCoda,14293,3,4341064,2010-04-06T07:59:04Z
26381630,37.4135772,-122.0581826,stucki1,10786,6,13224113,2012-09-23T18:21:46Z
26391742,37.4146421,-122.0587389,KindredCoda,14293,2,4341064,2010-04-06T07:59:24Z
26391743,37.4143957,-122.0547392,Alexander Avtanski,79401,4,4360522,2010-04-08T01:26:20Z
26391744,37.4143318,-122.0548787,Alexander Avtanski,79401,4,4360522,2010-04-08T01:26:20Z
26391746,37.4142338,-122.0549914,Alexander Avtanski,79401,4,4360522,2010-04-08T01:26:20Z
26391747,37.4140975,-122.0550718,Alexander Avtanski,79401,6,4360522,2010-04-08T01:26:19Z
26391748,37.4140246,-122.0550772,matthieun,595221,5,26243141,2014-10-21T21:10:13Z
26391753,37.411656,-122.0538658,matthieun,595221,5,26243141,2014-10-21T21:10:13Z
26391754,37.4144341,-122.0545837,Alexander Avtanski,79401,4,4360522,2010-04-08T01:26:20Z
26391755,37.4144298,-122.0544174,Alexander Avtanski,79401,4,4360522,2010-04-08T01:26:20Z
26391756,37.4144042,-122.0542618,Alexander Avtanski,79401,4,4360522,2010-04-08T01:26:20Z
26391757,37.4143384,-122.0541191,matthieun,595221,5,26243141,2014-10-21T21:10:13Z
26391758,37.4142228,-122.0540481,matthieun,595221,4,26243141,2014-10-21T21:10:13Z
26391762,37.4118758,-122.0529061,matthieun,595221,5,26243141,2014-10-21T21:10:13Z
26391763,37.4114582,-122.0534692,matthieun,595221,4,26243141,2014-10-21T21:10:13Z
26391764,37.4115091,-122.0531895,matthieun,595221,5,26243141,2014-10-21T21:10:13Z
26391765,37.4115681,-122.0530677,matthieun,595221,5,26243141,2014-10-21T21:10:13Z
26391766,37.4117257,-122.0529006,matthieun,595221,5,26243141,2014-10-21T21:10:13Z
26391767,37.4118647,-122.0528492,matthieun,595221,5,26243141,2014-10-21T21:10:13Z
26391768,37.4115075,-122.0537141,matthieun,595221,5,26243141,2014-10-21T21:10:13Z
26391769,37.4115579,-122.053812,matthieun,595221,5,26243141,2014-10-21T21:10:13Z
26391770,37.4115954,-122.0537842,matthieun,595221,5,26243141,2014-10-21T21:10:13Z
26403165,37.41011,-122.0472569,StellanL,28775,4,13151913,2012-09-18T06:36:45Z
26403171,37.4178613,-122.0512413,StellanL,28775,5,13151913,2012-09-18T06:36:45Z
26403264,37.4172602,-122.0530741,KindredCoda,14293,4,4341064,2010-04-06T07:53:23Z
26403268,37.4185122,-122.0492563,KindredCoda,14293,4,7369312,2011-02-23T03:12:40Z
26403509,37.4251276,-122.0549767,StellanL,28775,5,13151913,2012-09-18T06:36:45Z
26403511,37.4257715,-122.0529858,KindredCoda,14293,3,7369312,2011-02-23T03:12:40Z
26403514,37.4286665,-122.0544733,KindredCoda,14293,4,7369312,2011-02-23T03:12:40Z
26403517,37.4235975,-122.0541901,StellanL,28775,4,13151913,2012-09-18T06:36:45Z
26403520,37.4244083,-122.0522855,KindredCoda,14293,3,7369312,2011-02-23T03:12:40Z
26403545,37.4107597,-122.0452738,KindredCoda,14293,3,7369312,2011-02-23T03:12:40Z
26403564,37.4055491,-122.0425973,Charles_Smothers,160148,4,18256668,2013-10-08T22:48:03Z
26403567,37.4061116,-122.0452018,KindredCoda,14293,2,4341064,2010-04-06T07:50:40Z
26408757,37.4292465,-122.0526905,KindredCoda,14293,3,4341064,2010-04-06T07:48:36Z
26408758,37.4291421,-122.0522023,KindredCoda,14293,3,4341064,2010-04-06T07:48:37Z
26408759,37.4290611,-122.052095,KindredCoda,14293,3,4341064,2010-04-06T07:48:37Z
26408760,37.4289589,-122.0520173,KindredCoda,14293,3,4341064,2010-04-06T07:48:37Z
26408761,37.4268481,-122.0509283,KindredCoda,14293,3,4341064,2010-04-06T07:48:37Z
26408762,37.4266418,-122.0509097,KindredCoda,14293,2,4367796,2010-04-08T21:08:13Z
26408763,37.4265417,-122.0509419,KindredCoda,14293,2,4367796,2010-04-08T21:08:12Z
26408764,37.4263539,-122.0512153,KindredCoda,14293,2,4341064,2010-04-06T07:49:29Z
26408765,37.4261047,-122.051969,KindredCoda,14293,2,4341064,2010-04-06T07:49:29Z
26408766,37.4261387,-122.0515497,mikelmaron,999,1,231509,2007-03-08T02:41:19Z
26408767,37.4261154,-122.0511634,mikelmaron,999,1,231509,2007-03-08T02:02:45Z
26408768,37.4260217,-122.0508308,mikelmaron,999,1,231509,2007-03-08T02:02:46Z
26408771,37.4255679,-122.0502765,KindredCoda,14293,3,4341064,2010-04-06T07:48:37Z
26408777,37.424848,-122.055767,KindredCoda,14293,3,4341064,2010-04-06T07:53:51Z
26408795,37.4247287,-122.0559574,KindredCoda,14293,3,4341064,2010-04-06T07:53:51Z
26408799,37.4245774,-122.0561237,KindredCoda,14293,3,4341064,2010-04-06T07:53:51Z
26408803,37.4242324,-122.0563437,KindredCoda,14293,3,4341064,2010-04-06T07:53:51Z
26408814,37.4235827,-122.0563249,KindredCoda,14293,3,4341064,2010-04-06T07:53:51Z
26408913,37.424667,-122.0514853,mikelmaron,999,1,231509,2007-03-08T02:10:27Z
26408914,37.4247863,-122.0511312,mikelmaron,999,1,231509,2007-03-08T02:10:29Z
26408915,37.4248204,-122.0507987,mikelmaron,999,1,231509,2007-03-08T02:10:31Z
26408916,37.4247437,-122.0504446,mikelmaron,999,1,231509,2007-03-08T02:10:32Z
26408917,37.4246414,-122.050112,mikelmaron,999,1,231509,2007-03-08T02:10:33Z
26408918,37.4242196,-122.0495818,KindredCoda,14293,3,4341064,2010-04-06T07:48:37Z
26408919,37.4230396,-122.0545001,mikelmaron,999,1,231509,2007-03-08T02:11:02Z
26408920,37.4227073,-122.0546181,mikelmaron,999,1,231509,2007-03-08T02:11:03Z
26408921,37.4223324,-122.0546288,mikelmaron,999,1,231509,2007-03-08T02:11:07Z
26408922,37.4220368,-122.0545231,StellanL,28775,3,13151913,2012-09-18T06:36:45Z
26408925,37.4237211,-122.049327,KindredCoda,14293,3,4341064,2010-04-06T07:47:28Z
26408926,37.4238916,-122.048812,KindredCoda,14293,2,4341064,2010-04-06T07:47:41Z
26408927,37.4240151,-122.0484258,KindredCoda,14293,2,4341064,2010-04-06T07:47:51Z
26408928,37.4234485,-122.0485787,KindredCoda,14293,2,4341064,2010-04-06T07:47:41Z
26408929,37.4232696,-122.0486565,KindredCoda,14293,2,4341064,2010-04-06T07:47:41Z
26408930,37.4232227,-122.0487235,KindredCoda,14293,2,4341064,2010-04-06T07:47:42Z
26408931,37.4231226,-122.0490159,KindredCoda,14293,3,4341064,2010-04-06T07:47:28Z
26408947,37.4192414,-122.047023,KindredCoda,14293,4,4341064,2010-04-06T07:47:10Z
26408948,37.4141286,-122.0443944,KindredCoda,14293,3,4341064,2010-04-06T07:47:28Z
26408950,37.4095077,-122.0490963,KindredCoda,14293,3,4341064,2010-04-06T07:50:11Z
26408951,37.4114933,-122.0430399,KindredCoda,14293,3,4341064,2010-04-06T07:46:53Z
26408952,37.4086171,-122.0486404,KindredCoda,14293,3,4341064,2010-04-06T07:50:53Z
26408955,37.4089154,-122.0477418,KindredCoda,14293,2,4341064,2010-04-06T07:50:58Z
26408958,37.4073729,-122.0479671,KindredCoda,14293,3,4341064,2010-04-06T07:51:35Z
26408960,37.4075902,-122.048112,KindredCoda,14293,3,4341064,2010-04-06T07:50:53Z
26408967,37.4084829,-122.0414976,KindredCoda,14293,3,4341064,2010-04-06T07:52:58Z
26408969,37.4068871,-122.0406742,KindredCoda,14293,3,4341064,2010-04-06T07:52:29Z
26408971,37.4066443,-122.0406706,David Speakman,90510,2,679673,2009-02-26T07:59:19Z
26408972,37.4063928,-122.0408861,KindredCoda,14293,3,4341064,2010-04-06T07:52:29Z
26408979,37.406329,-122.0423121,mikelmaron,999,1,231509,2007-03-08T02:17:04Z
26408980,37.4054681,-122.0463444,KindredCoda,14293,3,4341064,2010-04-06T07:51:35Z
26408981,37.4046777,-122.0456712,KindredCoda,14293,3,4341064,2010-04-06T07:51:35Z
26408982,37.4047458,-122.0448531,KindredCoda,14293,2,4341064,2010-04-06T07:51:52Z
26408983,37.4050804,-122.0446787,KindredCoda,14293,2,4341064,2010-04-06T07:50:39Z
26408984,37.4045306,-122.0455397,KindredCoda,14293,3,4341064,2010-04-06T07:51:35Z
26408985,37.4045583,-122.0448611,KindredCoda,14293,3,4341064,2010-04-06T07:51:35Z
26408986,37.4046031,-122.0446814,KindredCoda,14293,3,4341064,2010-04-06T07:51:36Z
26408987,37.4047224,-122.0443005,KindredCoda,14293,3,4341064,2010-04-06T07:52:17Z
26408988,37.4058943,-122.0424069,KindredCoda,14293,3,4341064,2010-04-06T07:52:22Z
26409038,37.4057942,-122.0427232,KindredCoda,14293,5,7369312,2011-02-23T03:12:40Z
26409039,37.4065202,-122.0407467,David Speakman,90510,2,679673,2009-02-26T07:59:19Z
26409040,37.4047948,-122.0447753,KindredCoda,14293,2,4341064,2010-04-06T07:51:52Z
26409041,37.4048609,-122.0447163,KindredCoda,14293,2,4341064,2010-04-06T07:51:52Z
26409042,37.4223388,-122.053543,StellanL,28775,4,13151913,2012-09-18T06:36:45Z
26409052,37.3570305,-122.0193926,richlv,47892,23,13757040,2012-11-05T06:33:45Z
26497345,37.3107067,-122.0434742,KindredCoda,14293,28,6777154,2010-12-27T12:33:48Z
26497346,37.322439,-122.0497774,KindredCoda,14293,28,6777154,2010-12-27T12:41:33Z
26497347,37.3248877,-122.0503675,KindredCoda,14293,29,6777154,2010-12-27T12:37:09Z
26497348,37.3287677,-122.052053,StellanL,28775,28,4078909,2010-03-09T08:39:39Z
26497350,37.3338739,-122.0483371,KindredCoda,14293,24,4507954,2010-04-23T22:00:41Z
26497351,37.3340488,-122.0472589,KindredCoda,14293,24,4507954,2010-04-23T22:01:42Z
26497352,37.334313,-122.0253306,KindredCoda,14293,23,4507386,2010-04-23T21:04:00Z
26497353,37.3342559,-122.0239923,KindredCoda,14293,23,6777935,2010-12-27T13:53:38Z
26497354,37.3337782,-122.0213101,KindredCoda,14293,23,6777935,2010-12-27T13:53:38Z
26497360,37.3282903,-122.0142766,KindredCoda,14293,11,8231395,2011-05-23T23:51:48Z
26506776,37.3746186,-121.9753002,karitotp,2748195,9,36938880,2016-02-01T15:21:29Z
26506778,37.3773825,-121.9799316,fennecfoxen,100744,11,794494,2009-03-12T01:10:07Z
26506779,37.3776145,-122.0019069,richlv,47892,8,13757040,2012-11-05T06:33:45Z
26506781,37.3766569,-122.006121,LXT,771165,6,22783625,2014-06-06T21:26:05Z
26506782,37.3766796,-122.0070542,matthieun,595221,8,28601952,2015-02-04T00:01:01Z
26506784,37.3770987,-122.0089047,matthieun,595221,9,28601952,2015-02-04T00:01:01Z
26506786,37.3785814,-122.012721,mk408,201724,11,7124511,2011-01-29T17:08:29Z
26506793,37.3778414,-121.9813732,fennecfoxen,100744,14,794494,2009-03-12T01:12:03Z
26506797,37.3744227,-121.9590346,Luis36995,1829683,8,39276833,2016-05-12T20:01:09Z
26506805,37.3329763,-122.0186762,KindredCoda,14293,28,6777935,2010-12-27T13:56:00Z
26506806,37.3339574,-122.0211975,KindredCoda,14293,25,6777935,2010-12-27T13:55:37Z
26506808,37.3343839,-122.0232681,KindredCoda,14293,24,6777935,2010-12-27T13:54:58Z
26506810,37.3344991,-122.0246736,KindredCoda,14293,24,6777935,2010-12-27T13:54:45Z
26506811,37.3344071,-122.0449253,KindredCoda,14293,25,4507954,2010-04-23T22:01:29Z
26506813,37.3330123,-122.0535674,oldtopos,169004,29,12095476,2012-07-03T00:28:52Z
26506823,37.3189023,-121.9913763,KindredCoda,14293,32,8233100,2011-05-24T08:32:22Z
26506854,37.4222632,-122.096674,gaku,19532,2,398990,2008-07-05T07:10:01Z
26506855,37.3125925,-122.0454108,KindredCoda,14293,30,6777154,2010-12-27T12:38:22Z
26506856,37.3111931,-122.0443486,KindredCoda,14293,30,6777154,2010-12-27T12:37:54Z
26507090,37.4294396,-122.1024591,KindredCoda,14293,9,8964148,2011-08-09T07:25:12Z
26507652,37.3538076,-122.0154683,RichRico,2219338,23,39123802,2016-05-05T16:07:13Z
26507656,37.3540409,-122.015525,KindredCoda,14293,21,9044962,2011-08-17T07:53:28Z
26508299,37.3674844,-122.0320699,n76,318696,34,17877108,2013-09-16T21:59:59Z
26511895,37.4045432,-122.051373,Luis36995,1829683,12,36859103,2016-01-28T15:24:35Z
26511899,37.405174,-122.0503565,KindredCoda,14293,7,10854419,2012-03-03T04:34:19Z
26511900,37.4044083,-122.0500547,KindredCoda,14293,6,10854419,2012-03-03T04:34:19Z
26511901,37.4042954,-122.0498699,KindredCoda,14293,6,10854419,2012-03-03T04:34:19Z
26511902,37.4040716,-122.0491426,KindredCoda,14293,6,10854419,2012-03-03T04:43:06Z
26511903,37.4034082,-122.0468852,KindredCoda,14293,6,10854419,2012-03-03T04:43:06Z
26511904,37.4014801,-122.037795,KindredCoda,14293,6,10854419,2012-03-03T04:43:06Z
26511905,37.4015364,-122.0370034,KindredCoda,14293,6,10854419,2012-03-03T04:43:06Z
26511906,37.4017998,-122.0364889,KindredCoda,14293,8,10854419,2012-03-03T04:43:06Z
26511907,37.4018978,-122.0362963,KindredCoda,14293,6,10854419,2012-03-03T04:43:06Z
26511909,37.4023538,-122.0315597,KindredCoda,14293,5,4443344,2010-04-16T22:47:07Z
26511910,37.4023879,-122.0312646,KindredCoda,14293,5,4443344,2010-04-16T22:47:07Z
26511912,37.4028524,-122.0292181,KindredCoda,14293,6,4443344,2010-04-16T22:47:06Z
26511913,37.4031336,-122.0284778,KindredCoda,14293,5,4443344,2010-04-16T22:47:06Z
26511915,37.4036767,-122.0273154,NE2,207745,9,13451361,2012-10-11T08:35:49Z
26511917,37.4038018,-122.0267197,mk408,201724,3,3978263,2010-02-26T08:32:39Z
26511920,37.3666743,-122.0323666,Bike Mapper,74705,16,7319564,2011-02-18T05:49:00Z
26511921,37.3671119,-122.0322493,mk408,201724,14,5678528,2010-09-04T12:43:55Z
26511934,37.3864483,-122.04537,user_634020,634020,5,17420672,2013-08-20T04:21:52Z
26511935,37.3867273,-122.0439592,user_634020,634020,5,17420672,2013-08-20T04:21:52Z
26511937,37.375421,-121.9769681,karitotp,2748195,11,36938880,2016-02-01T15:21:29Z
26511938,37.3566958,-122.0183505,richlv,47892,2,13710340,2012-11-01T12:42:29Z
26526070,37.4022259,-122.0366944,KindredCoda,14293,7,10854623,2012-03-03T05:57:49Z
26526072,37.4072538,-122.0362203,smb1001,281267,2,13071870,2012-09-11T16:43:04Z
26526073,37.4073368,-122.0367133,smb1001,281267,2,13071870,2012-09-11T16:43:04Z
26526074,37.4073283,-122.0369546,smb1001,281267,6,13071870,2012-09-11T16:43:04Z
26526076,37.4057707,-122.0369781,KindredCoda,14293,5,4341064,2010-04-06T08:28:06Z
26546658,37.409066,-122.0780269,StellanL,28775,10,865564,2009-03-28T08:33:41Z
26546665,37.4080517,-122.0689399,KindredCoda,14293,3,8637355,2011-07-05T09:40:02Z
26580976,37.4099905,-122.1074002,KindredCoda,14293,4,16795110,2013-07-02T17:40:18Z
26581012,37.4005606,-122.0907066,n76,318696,5,18031320,2013-09-25T17:00:15Z
26581017,37.4006916,-122.0906526,n76,318696,6,18031320,2013-09-25T17:00:15Z
26581088,37.3957032,-122.1020058,KindredCoda,14293,11,16794437,2013-07-02T16:35:41Z
26630542,37.3968341,-122.0822573,KindredCoda,14293,8,3983615,2010-02-26T21:08:00Z
26630543,37.3969886,-122.0819529,KindredCoda,14293,9,3983615,2010-02-26T21:08:34Z
26630544,37.3981906,-122.0813416,StellanL,28775,10,865564,2009-03-28T08:33:40Z
26630554,37.3674078,-122.0371038,mk408,201724,9,4098258,2010-03-11T14:47:00Z
26630555,37.366864,-122.0368631,mk408,201724,9,4098258,2010-03-11T14:47:00Z
26630556,37.3664184,-122.0364789,n76,318696,14,17872964,2013-09-16T18:17:39Z
26630557,37.3665224,-122.0363316,n76,318696,12,17872964,2013-09-16T18:17:39Z
26630558,37.3669626,-122.0367357,n76,318696,9,17872964,2013-09-16T18:17:39Z
26630559,37.3673606,-122.0369021,n76,318696,9,17872964,2013-09-16T18:17:39Z
26630560,37.3677792,-122.0369753,n76,318696,11,30559346,2015-04-27T20:33:49Z
26630561,37.3678196,-122.0364712,David Speakman,90510,3,295455,2009-02-09T02:22:19Z
26630562,37.3683019,-122.0356821,David Speakman,90510,4,295455,2009-02-09T02:22:19Z
26630563,37.3686944,-122.0353502,mk408,201724,24,7113241,2011-01-28T14:02:33Z
26639069,37.4058127,-122.1107663,Telecas,202256,17,20857735,2014-03-02T02:46:59Z
26639070,37.4058532,-122.1109433,Telecas,202256,5,20857735,2014-03-02T02:47:00Z
26639093,37.3778084,-122.0668794,StellanL,28775,26,3889853,2010-02-16T08:05:48Z
26639094,37.3775976,-122.0665808,Luis36995,1829683,7,36857553,2016-01-28T14:08:51Z
26639095,37.3773876,-122.0664634,Luis36995,1829683,7,36857553,2016-01-28T14:08:51Z
26639096,37.3771523,-122.0665061,Luis36995,1829683,8,36857553,2016-01-28T14:08:51Z
26639097,37.3769342,-122.0668459,Luis36995,1829683,8,36857553,2016-01-28T14:08:52Z
26639098,37.3769783,-122.0671933,KindredCoda,14293,6,6776161,2010-12-27T10:55:58Z
26639100,37.3777168,-122.0675292,CoreyFarwell,25663,11,805122,2008-11-28T18:56:06Z
26678383,37.4001789,-122.0365726,KindredCoda,14293,5,6776930,2010-12-27T12:09:21Z
26678386,37.4021013,-122.0306518,KindredCoda,14293,5,6776564,2010-12-27T11:37:56Z
26678387,37.4025029,-122.0284336,nikhilprabhakar,2835928,6,38446347,2016-04-10T09:41:54Z
26678388,37.4028287,-122.0268283,Chetan_Gowda,2644101,15,36935775,2016-02-01T12:49:13Z
26678537,37.4082524,-122.1080734,KindredCoda,14293,10,16795110,2013-07-02T17:40:18Z
29378879,37.4190761,-122.0657239,KindredCoda,14293,2,4358632,2010-04-07T20:22:42Z
29381093,37.4171567,-122.0657212,KindredCoda,14293,2,4358632,2010-04-07T20:30:17Z
29381094,37.4168905,-122.0658258,KindredCoda,14293,2,4358632,2010-04-07T20:30:17Z
29381096,37.4165283,-122.0662577,KindredCoda,14293,3,4358632,2010-04-07T20:30:19Z
29381097,37.4204096,-122.0640877,KindredCoda,14293,2,4358632,2010-04-07T20:21:17Z
29381099,37.4176787,-122.0640234,KindredCoda,14293,2,4358632,2010-04-07T20:12:28Z
29381100,37.4175402,-122.063959,KindredCoda,14293,2,4358632,2010-04-07T20:12:28Z
29381101,37.4169011,-122.0638061,KindredCoda,14293,2,4358632,2010-04-07T20:11:59Z
29381103,37.4204118,-122.0618588,KindredCoda,14293,2,4358632,2010-04-07T20:21:02Z
29381104,37.4175679,-122.0618669,KindredCoda,14293,2,4358632,2010-04-07T20:10:49Z
29381105,37.4161525,-122.0618583,KindredCoda,14293,2,4341064,2010-04-06T07:59:48Z
29381106,37.4137524,-122.0618776,KindredCoda,14293,3,4358632,2010-04-07T20:11:24Z
29381107,37.4125193,-122.0621949,VMukhtarov,1403907,3,24334804,2014-07-24T17:48:14Z
29381108,37.4113122,-122.0625038,VMukhtarov,1403907,6,24334804,2014-07-24T17:48:14Z
29381109,37.4109582,-122.0625983,KindredCoda,14293,3,4341545,2010-04-06T08:43:46Z
29381129,37.4097651,-122.0637597,KindredCoda,14293,8,4341545,2010-04-06T08:45:52Z
29381131,37.4105943,-122.0635803,KindredCoda,14293,2,4341064,2010-04-06T08:02:57Z
29381132,37.41095,-122.0638136,KindredCoda,14293,2,4341064,2010-04-06T08:02:57Z
29381133,37.4110864,-122.0638887,KindredCoda,14293,2,4341064,2010-04-06T08:02:57Z
29381134,37.4112291,-122.0639263,KindredCoda,14293,2,4341064,2010-04-06T08:02:57Z
29381135,37.411406,-122.0639397,KindredCoda,14293,2,4341064,2010-04-06T08:02:57Z
29381136,37.4117894,-122.0639638,KindredCoda,14293,2,4341064,2010-04-06T08:02:57Z
29381137,37.4137741,-122.0639699,jinalfoflia,2847988,6,33954423,2015-09-11T10:54:39Z
29381138,37.4141478,-122.0639719,KindredCoda,14293,3,4341064,2010-04-06T08:01:58Z
29381139,37.4143225,-122.0639826,KindredCoda,14293,3,4341064,2010-04-06T08:01:58Z
29381140,37.4146463,-122.0640765,KindredCoda,14293,2,4341064,2010-04-06T08:01:35Z
29381142,37.4150298,-122.0643581,KindredCoda,14293,2,4341064,2010-04-06T08:00:53Z
29381143,37.4156135,-122.065093,KindredCoda,14293,2,4341064,2010-04-06T08:00:53Z
29381145,37.41757,-122.0589647,KindredCoda,14293,2,4358632,2010-04-07T20:10:41Z
29381146,37.4162237,-122.0589647,KindredCoda,14293,2,4358632,2010-04-07T20:08:32Z
29381147,37.4147388,-122.058777,KindredCoda,14293,3,4358632,2010-04-07T20:09:03Z
29381172,37.4173293,-122.0632697,KindredCoda,14293,2,4358632,2010-04-07T20:11:02Z
29381173,37.4175679,-122.0628459,KindredCoda,14293,2,4358632,2010-04-07T20:11:03Z
29381477,37.4274432,-122.0642862,KindredCoda,14293,2,4358632,2010-04-07T20:19:48Z
29381478,37.4274454,-122.0644177,KindredCoda,14293,2,4358632,2010-04-07T20:19:48Z
29381479,37.4280354,-122.0676041,KindredCoda,14293,3,4358632,2010-04-07T20:19:48Z
29381480,37.4280482,-122.0677463,KindredCoda,14293,3,4358632,2010-04-07T20:19:48Z
29381481,37.4280375,-122.0678536,KindredCoda,14293,3,4358632,2010-04-07T20:19:48Z
29381482,37.4280013,-122.0679501,KindredCoda,14293,3,4358632,2010-04-07T20:19:49Z
29381483,37.4279502,-122.0680225,KindredCoda,14293,3,4358632,2010-04-07T20:19:49Z
29381484,37.4278884,-122.0680762,KindredCoda,14293,3,4358632,2010-04-07T20:19:49Z
29381486,37.4278245,-122.0681084,KindredCoda,14293,3,4358632,2010-04-07T20:19:49Z
29381487,37.4277521,-122.0681191,KindredCoda,14293,3,4358632,2010-04-07T20:19:50Z
29381488,37.427079,-122.0680011,KindredCoda,14293,3,4358632,2010-04-07T20:19:50Z
29381489,37.4264272,-122.0679501,KindredCoda,14293,3,4358632,2010-04-07T20:19:50Z
29381490,37.4262632,-122.0679394,KindredCoda,14293,3,4358632,2010-04-07T20:19:50Z
29381491,37.42608,-122.067934,KindredCoda,14293,3,4358632,2010-04-07T20:19:50Z
29381492,37.4256114,-122.0679394,KindredCoda,14293,3,4358632,2010-04-07T20:19:50Z
29381493,37.4247786,-122.0679474,KindredCoda,14293,3,4358632,2010-04-07T20:19:50Z
29381494,37.4244399,-122.0679823,KindredCoda,14293,3,4358632,2010-04-07T20:19:50Z
29381495,37.4241907,-122.067993,KindredCoda,14293,3,4358632,2010-04-07T20:19:50Z
29381497,37.4190548,-122.0680655,KindredCoda,14293,3,4358632,2010-04-07T20:19:51Z
29381498,37.4189866,-122.0680547,KindredCoda,14293,3,4358632,2010-04-07T20:19:51Z
29381499,37.4189376,-122.0680199,KindredCoda,14293,3,4358632,2010-04-07T20:19:51Z
29381500,37.4188993,-122.0679609,KindredCoda,14293,3,4358632,2010-04-07T20:19:51Z
29381501,37.4188674,-122.0678643,KindredCoda,14293,3,4358632,2010-04-07T20:19:51Z
29381502,37.4188524,-122.0677302,KindredCoda,14293,3,4358632,2010-04-07T20:19:51Z
29382235,37.417063,-122.068036,KindredCoda,14293,2,4358632,2010-04-07T20:25:18Z
29382247,37.417619,-122.0682049,KindredCoda,14293,4,4358632,2010-04-07T20:25:11Z
29409975,37.4247846,-122.0682254,beddy,3207726,4,36704480,2016-01-20T16:22:44Z
29409976,37.4247798,-122.0683388,beddy,3207726,3,36704480,2016-01-20T16:22:44Z
29409977,37.4190804,-122.0640877,KindredCoda,14293,2,4358632,2010-04-07T20:12:28Z
29409978,37.4247782,-122.068835,beddy,3207726,4,36704480,2016-01-20T16:22:44Z
29409979,37.4247487,-122.069605,KindredCoda,14293,2,4358632,2010-04-07T20:25:51Z
29409981,37.4247411,-122.0695054,beddy,3207726,3,38823795,2016-04-24T00:37:16Z
29409982,37.42359,-122.0681754,KindredCoda,14293,2,4358632,2010-04-07T20:25:36Z
29409983,37.4247793,-122.0687297,beddy,3207726,3,36704480,2016-01-20T16:22:44Z
29409984,37.4206099,-122.0681862,KindredCoda,14293,2,4358632,2010-04-07T20:25:36Z
29409986,37.4215898,-122.0681862,KindredCoda,14293,2,4358632,2010-04-07T20:25:36Z
29409988,37.4177042,-122.0682157,KindredCoda,14293,2,4358632,2010-04-07T20:25:11Z
29409990,37.4242226,-122.0681754,KindredCoda,14293,2,4358632,2010-04-07T20:25:36Z
29409991,37.4188269,-122.068213,KindredCoda,14293,2,4358632,2010-04-07T20:25:36Z
29409992,37.4178874,-122.068213,KindredCoda,14293,2,4358632,2010-04-07T20:25:11Z
29409993,37.4197642,-122.0682049,KindredCoda,14293,2,4358632,2010-04-07T20:25:36Z
29410001,37.4168789,-122.0666594,KindredCoda,14293,2,4341064,2010-04-06T08:01:07Z
29410004,37.4131231,-122.0689052,AM909,82317,2,3029255,2009-11-03T23:11:07Z
29410006,37.4253579,-122.0682908,KindredCoda,14293,2,4358632,2010-04-07T20:28:10Z
29411786,37.4188567,-122.0657266,KindredCoda,14293,3,4358632,2010-04-07T20:19:51Z
29411791,37.4168947,-122.0667753,42429,42429,3,8081929,2011-05-08T12:07:45Z
29411800,37.4170353,-122.0679877,42429,42429,3,8081929,2011-05-08T12:07:47Z
29411801,37.4176467,-122.0680735,42429,42429,3,8081929,2011-05-08T12:07:45Z
29411960,37.4170098,-122.0661825,42429,42429,3,8081929,2011-05-08T12:07:45Z
29411962,37.4187864,-122.0666707,42429,42429,3,8081929,2011-05-08T12:07:45Z
29411963,37.4188354,-122.0681111,42429,42429,4,8081929,2011-05-08T12:07:45Z
29411964,37.4186543,-122.0666707,42429,42429,3,8081929,2011-05-08T12:07:45Z
29411966,37.4243419,-122.0680225,KindredCoda,14293,3,4358632,2010-04-07T20:27:07Z
29411971,37.4279672,-122.0666868,KindredCoda,14293,3,4358632,2010-04-07T20:27:15Z
29523962,37.4157699,-122.0556817,KindredCoda,14293,3,4358632,2010-04-07T20:09:49Z
29523965,37.4137707,-122.061751,KindredCoda,14293,2,4341064,2010-04-06T07:59:31Z
29523966,37.4161525,-122.0591385,KindredCoda,14293,2,4341064,2010-04-06T08:00:05Z
29523967,37.4148475,-122.0602441,KindredCoda,14293,2,4358632,2010-04-07T20:11:36Z
29523968,37.4148475,-122.0604534,KindredCoda,14293,3,4358632,2010-04-07T20:11:42Z
29523969,37.4148475,-122.0618857,KindredCoda,14293,2,4358632,2010-04-07T20:11:19Z
29523970,37.4190399,-122.0605499,KindredCoda,14293,2,4358632,2010-04-07T20:22:42Z
29523971,37.4204096,-122.0657266,KindredCoda,14293,2,4358632,2010-04-07T20:21:17Z
29523972,37.4205225,-122.0657266,KindredCoda,14293,2,4358632,2010-04-07T20:21:25Z
29523973,37.4205247,-122.0640877,KindredCoda,14293,2,4358632,2010-04-07T20:21:08Z
29523974,37.4218518,-122.0640877,KindredCoda,14293,2,4358632,2010-04-07T20:21:31Z
29523975,37.4218496,-122.0657293,KindredCoda,14293,2,4358632,2010-04-07T20:21:31Z
29523976,37.4228039,-122.0640877,KindredCoda,14293,2,4358632,2010-04-07T20:21:55Z
29523977,37.4242098,-122.0640851,KindredCoda,14293,2,4358632,2010-04-07T20:21:55Z
29523979,37.4242908,-122.0640636,KindredCoda,14293,2,4358632,2010-04-07T20:21:55Z
29523980,37.4243568,-122.0640046,KindredCoda,14293,2,4358632,2010-04-07T20:21:55Z
29523981,37.4243951,-122.0639349,KindredCoda,14293,2,4358632,2010-04-07T20:21:57Z
29523982,37.4244079,-122.0638517,KindredCoda,14293,2,4358632,2010-04-07T20:22:02Z
29523986,37.4264911,-122.0580206,KindredCoda,14293,2,4358632,2010-04-07T20:19:46Z
29523987,37.4263591,-122.0575673,KindredCoda,14293,3,4358632,2010-04-07T20:34:47Z
29523988,37.4243291,-122.057452,KindredCoda,14293,2,4358632,2010-04-07T20:34:09Z
29523989,37.4241759,-122.0587854,StellanL,28775,4,13151913,2012-09-18T06:52:16Z
29523990,37.4250917,-122.0578302,KindredCoda,14293,2,4358632,2010-04-07T20:34:46Z
29523991,37.4252344,-122.057865,KindredCoda,14293,2,4358632,2010-04-07T20:34:46Z
29523992,37.4253707,-122.0578811,KindredCoda,14293,2,4358632,2010-04-07T20:34:46Z
29523993,37.4259458,-122.0578033,KindredCoda,14293,2,4358632,2010-04-07T20:34:46Z
29523994,37.420154,-122.058026,KindredCoda,14293,2,4358632,2010-04-07T20:32:22Z
29523995,37.4175082,-122.0566366,KindredCoda,14293,2,4358632,2010-04-07T20:32:50Z
29523996,37.4178512,-122.0554698,KindredCoda,14293,2,4358632,2010-04-07T20:32:31Z
29523997,37.4205502,-122.0568216,KindredCoda,14293,2,4358632,2010-04-07T20:32:22Z
29523998,37.4209124,-122.0557032,KindredCoda,14293,2,4358632,2010-04-07T20:32:22Z
29523999,37.4183774,-122.0544988,KindredCoda,14293,2,4358632,2010-04-07T20:33:39Z
29524002,37.41757,-122.0577658,KindredCoda,14293,2,4358632,2010-04-07T20:31:50Z
29524003,37.4172185,-122.0575351,KindredCoda,14293,3,4358632,2010-04-07T20:33:11Z
29524005,37.4167541,-122.057291,KindredCoda,14293,3,4358632,2010-04-07T20:33:18Z
29524006,37.4197748,-122.0588923,KindredCoda,14293,4,4358632,2010-04-07T20:31:59Z
29524007,37.4198536,-122.0588226,KindredCoda,14293,2,4358632,2010-04-07T20:32:23Z
29524008,37.4195256,-122.0589755,KindredCoda,14293,2,4358632,2010-04-07T20:31:32Z
29524009,37.4148496,-122.0588065,KindredCoda,14293,2,4358632,2010-04-07T20:09:03Z
29524011,37.4205247,-122.0618588,KindredCoda,14293,2,4358632,2010-04-07T20:20:56Z
29524013,37.4149071,-122.0546786,KindredCoda,14293,2,4358632,2010-04-07T20:10:14Z
29524015,37.4154695,-122.0549307,KindredCoda,14293,2,4358632,2010-04-07T20:09:40Z
29524017,37.4139284,-122.0583687,KindredCoda,14293,3,4341064,2010-04-06T07:59:13Z
29544661,37.4163616,-122.0585016,StellanL,28775,3,13151913,2012-09-18T06:36:45Z
29544683,37.4094029,-122.063875,KindredCoda,14293,3,4341545,2010-04-06T08:45:52Z
29544687,37.4095118,-122.0645378,KindredCoda,14293,8,8637355,2011-07-05T09:40:01Z
30181366,37.4103925,-122.028019,KindredCoda,14293,2,4368080,2010-04-08T21:34:50Z
30181371,37.4104777,-122.0273431,KindredCoda,14293,4,4368080,2010-04-08T21:31:17Z
30181373,37.4108036,-122.0286225,KindredCoda,14293,4,4368080,2010-04-08T21:34:18Z
30181375,37.4103925,-122.0274987,KindredCoda,14293,2,4368080,2010-04-08T21:31:17Z
30181377,37.4106183,-122.028542,KindredCoda,14293,2,4368080,2010-04-08T21:31:17Z
30181401,37.4189327,-122.0249441,Bike Mapper,74705,3,7251834,2011-02-11T03:41:53Z
30181403,37.4191287,-122.024881,Bike Mapper,74705,3,7251834,2011-02-11T03:41:53Z
30181408,37.4189008,-122.0247952,Bike Mapper,74705,3,7251834,2011-02-11T03:41:52Z
30181409,37.418988,-122.025172,Bike Mapper,74705,3,7251834,2011-02-11T03:41:52Z
30181417,37.418759,-122.0252203,Bike Mapper,74705,3,7251834,2011-02-11T03:41:53Z
30181421,37.4190968,-122.0247335,Bike Mapper,74705,3,7251834,2011-02-11T03:41:53Z
30181423,37.4189625,-122.024999,Bike Mapper,74705,3,7251834,2011-02-11T03:41:53Z
30181424,37.4191404,-122.0250271,Bike Mapper,74705,3,7251834,2011-02-11T03:41:53Z
30181426,37.4192352,-122.0252028,Bike Mapper,74705,3,7251834,2011-02-11T03:41:53Z
30181427,37.4187367,-122.0250473,Bike Mapper,74705,3,7251834,2011-02-11T03:41:53Z
30181430,37.4191734,-122.0250017,Bike Mapper,74705,3,7251834,2011-02-11T03:41:53Z
30181431,37.4192629,-122.025176,Bike Mapper,74705,3,7251834,2011-02-11T03:41:53Z
30236408,37.3992551,-122.1100008,matthieun,595221,16,17759194,2013-09-09T23:56:54Z
30236412,37.3976393,-122.1064046,KindredCoda,14293,6,16794437,2013-07-02T16:35:42Z
30236416,37.4059328,-122.1075507,KindredCoda,14293,6,16795110,2013-07-02T17:40:18Z
30236418,37.4059236,-122.1073758,KindredCoda,14293,6,16795110,2013-07-02T17:40:18Z
30236420,37.4060768,-122.1072518,KindredCoda,14293,6,16795110,2013-07-02T17:40:18Z
30236421,37.4067422,-122.1068461,Minh Nguyen,33757,4,34014129,2015-09-14T06:56:26Z
30236433,37.406008,-122.107635,KindredCoda,14293,6,16795110,2013-07-02T17:40:18Z
30236435,37.4059763,-122.1072906,KindredCoda,14293,8,16795110,2013-07-02T17:40:18Z
30236437,37.4061772,-122.1073035,KindredCoda,14293,6,16795110,2013-07-02T17:40:18Z
30236438,37.4062282,-122.1075114,Telecas,202256,7,20857794,2014-03-02T02:50:37Z
30236439,37.4061126,-122.107644,KindredCoda,14293,5,16795110,2013-07-02T17:40:18Z
30236493,37.4074107,-122.1072412,Minh Nguyen,33757,6,30494043,2015-04-26T08:44:28Z
